ID,Label,Count
5uppps,5uppps,16
8lairrr,8lairrr,19
BadBoyHalo,BadBoyHalo,42
CORPSE,CORPSE,21
CallMeCarsonYT,CallMeCarsonYT,18
ConnorEatsPants,ConnorEatsPants,22
Corpse_Husband,Corpse_Husband,30
CptPuffy,CptPuffy,29
CrankGameplays,CrankGameplays,19
CreateTeen,CreateTeen,23
Debunkadunk,Debunkadunk,20
Dream,Dream,68
Dream__Fanart,Dream__Fanart,17
Eret,Eret,21
FaZeClan,FaZeClan,19
FortniteGame,FortniteGame,20
FundyLive,FundyLive,32
GFuelEnergy,GFuelEnergy,17
GarrettG,GarrettG,17
Gav1nLIVE,Gav1nLIVE,17
GeorgeNootFound,GeorgeNootFound,45
GeorgeNotFound,GeorgeNotFound,54
Hannahiku,Hannahiku,33
IGN,IGN,17
JackManifoldTV,JackManifoldTV,37
Jacksepticeye,Jacksepticeye,17
JustaMinx,JustaMinx,36
KEEMSTAR,KEEMSTAR,17
KarlJacobs_,KarlJacobs_,52
LVJYonline,LVJYonline,22
LilNasX,LilNasX,16
MCChampionship_,MCChampionship_,70
Minecraft,Minecraft,40
MrBeast,MrBeast,59
NRGgg,NRGgg,18
Nihaachu,Nihaachu,40
Ninja,Ninja,23
NotAntfrost,NotAntfrost,25
Ph1LzA,Ph1LzA,49
Pikaclicks,Pikaclicks,16
PlanetDuckk,PlanetDuckk,17
ProbablyKaz,ProbablyKaz,21
Punztw,Punztw,26
Quackity,Quackity,53
RLEsports,RLEsports,19
Ranboosaysstuff,Ranboosaysstuff,70
RocketLeague,RocketLeague,20
ShquareSMP,ShquareSMP,25
Skeppy,Skeppy,24
Slimecicle,Slimecicle,23
Smajor1995,Smajor1995,26
Sneegsnag,Sneegsnag,19
Spifeyy,Spifeyy,23
Spotify,Spotify,16
SquidGameEvent,SquidGameEvent,17
SquishyMuffinz,SquishyMuffinz,16
TapLHarV,TapLHarV,28
Technothepig,Technothepig,36
TubboLive,TubboLive,61
TubboTWO,TubboTWO,42
Twitch,Twitch,45
TwitchSupport,TwitchSupport,17
Twitter,Twitter,26
VelvetIsCake,VelvetIsCake,29
WilburSoot,WilburSoot,46
YouTube,YouTube,53
aimseytv,aimseytv,25
bearbubb,bearbubb,29
cupTWOst,cupTWOst,21
cuptoast,cuptoast,16
discord,discord,43
dreamhangout,dreamhangout,25
dreamsecretclub,dreamsecretclub,25
dreamwastaken,dreamwastaken,109
dreamwastaken2,dreamwastaken2,17
elonmusk,elonmusk,32
hannahm130,hannahm130,24
honkkarl,honkkarl,40
jschlatt,jschlatt,36
markiplier,markiplier,18
mcLIVESMP,mcLIVESMP,22
nathansmokee,nathansmokee,22
nebbiiee,nebbiiee,60
pisolive,pisolive,18
pleasedshibe1,pleasedshibe1,110
pokimanelol,pokimanelol,28
ppredictors,ppredictors,18
quackity4k,quackity4k,48
ranaltboo,ranaltboo,54
realDonaldTrump,realDonaldTrump,19
sapnap,sapnap,37
sapnapalt,sapnapalt,48
smpupdate,smpupdate,24
sniffalt,sniffalt,23
snifferish,snifferish,30
spoon_ahhh,spoon_ahhh,35
tommyaltinnit,tommyaltinnit,53
tommyinnit,tommyinnit,83
willcreated,willcreated,19
youtooz,youtooz,43
